Code;Deutsch;Englisch
A01AA;Mittel zur Kariesprophylaxe;Caries prophylactic agents
A01AB;Antiinfektiva und Antiseptika zur oralen Lokalbehandlung;Antiinfectives and antiseptics for local oral treatment
A01AC;Corticosteroide zur oralen Lokalbehandlung;Corticosteroids for local oral treatment
A01AD;Andere Mittel zur oralen Lokalbehandlung;Other agents for local oral treatment
A02AA;Magnesium-haltige Verbindungen;Magnesium compounds
A02AB;Aluminium-haltige Verbindungen;Aluminium compounds
A02AC;Calcium-haltige Verbindungen;Calcium compounds
A02AD;Kombinationen und Komplexe von Aluminium-, Calcium- und Magnesium-haltigen Verbindungen;Combinations and complexes of aluminium, calcium and magnesium compounds
A02AF;Antacida mit Karminativa;Antacids with antiflatulents
A02AG;Antacida mit Spasmolytika;Antacids with antispasmodics
A02AH;Antacida mit Natriumbicarbonat;Antacids with sodium bicarbonate
A02AX;Antacida, andere Kombinationen;Antacids, other combinations
A02BA;Histamin-H2-Rezeptorantagonisten;H2-receptor antagonists
A02BB;Prostaglandine;Prostaglandins
A02BC;Protonenpumpenhemmer;Proton pump inhibitors
A02BD;Kombinationen zur Eradikation von Helicobacter pylori;Combinations for eradication of helicobacter pylori
A02BX;Andere Mittel bei peptischem Ulkus und gastrooesophagealer Refluxkrankheit;Other drugs for peptic ulcer and gastro-oesophageal reflux disease (GORD)
A03AA;Synthetische Anticholinergika, Ester mit tertiären Aminogruppen;Synthetic anticholinergics, esters with tertiary amino group
A03AB;Synthetische Anticholinergika, quartäre Ammonium-Verbindungen;Synthetic anticholinergics, quaternary ammonium compounds
A03AC;Synthetische Spasmolytika, Amide mit tertiären Aminen;Synthetic antispasmodics, amides with tertiary amines
A03AD;Papaverin und Derivate;Papaverine and derivatives
A03AE;Serotonin-Rezeptor-Antagonisten;Serotonin receptor antagonists
A03AX;Andere Mittel bei funktionellen gastrointestinalen Störungen;Other drugs for functional gastrointestinal disorders
A03BA;Belladonna-Alkaloide, tertiäre Amine;Belladonna alkaloids, tertiary amines
A03BB;Belladonna-Alkaloide, halbsynthetisch, quartäre Ammonium-Verbindungen;Belladonna alkaloids, semisynthetic, quaternary ammonium compounds
A03CA;Synthetische Anticholinergika in Kombination mit Psycholeptika;Synthetic anticholinergic agents in combination with psycholeptics
A03CB;Belladonna und Derivate in Kombination mit Psycholeptika;Belladonna and derivatives in combination with psycholeptics
A03CC;Andere Spasmolytika in Kombination mit Psycholeptika;Other antispasmodics in combination with psycholeptics
A03DA;Synthetische Anticholinergika in Kombination mit Analgetika;Synthetic anticholinergic agents in combination with analgesics
A03DB;Belladonna und Derivate in Kombination mit Analgetika;Belladonna and derivatives in combination with analgesics
A03DC;Andere Spasmolytika in Kombination mit Analgetika;Other antispasmodics in combination with analgesics
A03EA;Spasmolytika, Psycholeptika und Analgetika in Kombination;Antispasmodics, psycholeptics and analgesics in combination
A03ED;Spasmolytika in Kombination mit anderen Mitteln;Antispasmodics in combination with other drugs
A03FA;Prokinetika;Propulsives
A04AA;Serotonin-5HT3-Antagonisten;Serotonin (5HT3) antagonists
A04AD;Andere Antiemetika;Other antiemetics
A05AA;Gallensäure-haltige Zubereitungen;Bile acid preparations
A05AB;Zubereitungen zur Gallentherapie;Preparations for biliary tract therapy
A05AX;Andere Mittel zur Gallentherapie;Other drugs for bile therapy
A05BA;Lebertherapie;Liver therapy
A06AA;Gleitmittel, Emollientia;Softeners, emollients
A06AB;Kontaktlaxanzien;Contact laxatives
A06AC;Quellmittel;Bulk-forming laxatives
A06AD;Osmotisch wirkende Laxanzien;Osmotically acting laxatives
A06AG;Klysmen;Enemas
A06AH;Periphere Opioidrezeptor-Antagonisten;Peripheral opioid receptor antagonists
A06AX;Andere Mittel gegen Obstipation;Other drugs for constipation
A07AA;Antibiotika;Antibiotics
A07AB;Sulfonamide;Sulfonamides
A07AC;Imidazol-Derivate;Imidazole derivatives
A07AX;Andere intestinale Antiinfektiva;Other intestinal antiinfectives
A07BA;Kohle-haltige Zubereitungen;Charcoal preparations
A07BB;Bismut-haltige Zubereitungen;Bismuth preparations
A07BC;Andere intestinale Adsorbenzien;Other intestinal adsorbents
A07CA;Elektrolyte zur oralen Rehydrierung;Oral rehydration salt formulations
A07DA;Motilitätshemmer;Antipropulsives
A07EA;Corticosteroide mit lokaler Wirkung;Corticosteroids acting locally
A07EB;Antiallergika, exkl. Corticosteroide;Antiallergic agents, excl. Corticosteroids
A07EC;Aminosalicylsäure und ähnliche Mittel;Aminosalicylic acid and similar agents
A07FA;Mikrobielle Antidiarrhoika;Antidiarrheal microorganisms
A07XA;Andere Antidiarrhoika;Other antidiarrheals
A08AA;Zentral wirkende Antiadiposita;Centrally acting antiobesity products
A08AB;Peripher wirkende Antiadiposita;Peripherally acting antiobesity products
A08AX;Andere Antiadiposita;Other antiobesity drugs
A09AA;Enzym-haltige Zubereitungen;Enzyme preparations
A09AB;Säure-haltige Zubereitungen;Acid preparations
A09AC;Enzym- und Säure-haltige Zubereitungen, Kombinationen;Enzyme and acid preparations, combinations
A10AB;Insuline und Analoga zur Injektion, schnell wirkend;Insulins and analogues for injection, fast-acting
A10AC;Insuline und Analoga zur Injektion, intermediär wirkend;Insulins and analogues for injection, intermediate-acting
A10AD;Insuline und Analoga zur Injektion, intermediär oder lang wirkend kombiniert mit schnell wirkend;Insulins and analogues for injection, intermediate- or long-acting combined with fast-acting
A10AE;Insuline und Analoga zur Injektion, lang wirkend;Insulins and analogues for injection, long-acting
A10AF;Insuline und Analoga zur Inhalation;Insulins and analogues for inhalation
A10BA;Biguanide;Biguanides
A10BB;Sulfonylharnstoffe;Sulfonylureas
A10BC;Sulfonamide (heterozyklisch);Sulfonamides (heterocyclic)
A10BD;Kombinationen mit oralen Antidiabetika;Combinations of oral blood glucose lowering drugs
A10BF;Alpha-Glukosidasehemmer;Alpha glucosidase inhibitors
A10BG;Thiazolidindione;Thiazolidinediones
A10BH;Dipeptidyl-Peptidase-4-Inhibitoren;Dipeptidyl peptidase 4 (DPP-4) inhibitors
A10BX;Andere Antidiabetika, exkl. Insuline;Other blood glucose lowering drugs, excl. Insulins
A10XA;Aldosereduktasehemmer;Aldose reductase inhibitors
A11AA;Multivitamine mit Mineralstoffen;Multivitamins with minerals
A11AB;Multivitamine, andere Kombinationen;Multivitamins, other combinations
A11BA;Multivitamine, rein;Multivitamins, plain
A11CA;Vitamin A, rein;Vitamin a, plain
A11CB;Vitamin A und D in Kombination;Vitamin a and d in combination
A11CC;Vitamin D und Analoga;Vitamin d and analogues
A11DA;Vitamin B1, rein;Vitamin B1, plain
A11DB;Vitamin B1 in Kombination mit Vitamin B6 und/oder Vitamin B12;Vitamin B1 in combination with vitamin B6 and/or vitamin B12
A11EA;Vitamin-B-Komplex, rein;Vitamin B-complex, plain
A11EB;Vitamin-B-Komplex mit Vitamin C;Vitamin B-complex with vitamin C
A11EC;Vitamin-B-Komplex mit Mineralstoffen;Vitamin B-complex with minerals
A11ED;Vitamin-B-Komplex mit anabolen Steroiden;Vitamin B-complex with anabolic steroids
A11EX;Vitamin-B-Komplex, andere Kombinationen;Vitamin B-complex, other combinations
A11GA;Ascorbinsäure (Vitamin C), rein;Ascorbic acid (Vitamin C), plain
A11GB;Ascorbinsäure (Vitamin C), Kombinationen;Ascorbic acid (Vitamin C), combinations
A11HA;Andere Vitaminpräparate, rein;Other plain vitamin preparations
A11JA;Kombinationen von Vitaminen;Combinations of vitamins
A11JB;Vitamine mit Mineralstoffen;Vitamins with minerals
A11JC;Vitamine, andere Kombinationen;Vitamins, other combinations
A12AA;Calcium;Calcium
A12AX;Calcium, Kombinationen mit Vitamin D und/oder anderen Mitteln;Calcium, combinations with vitamin D and/or other drugs
A12BA;Kalium;Potassium
A12CA;Natrium;Sodium
A12CB;Zink;Zinc
A12CC;Magnesium;Magnesium
A12CD;Fluorid;Fluoride
A12CE;Selen;Selenium
A12CX;Andere Mineralstoff-haltige Zubereitungen;Other mineral products
A14AA;Androstan-Derivate;Androstan derivatives
A14AB;Estren-Derivate;Estren derivatives
A16AA;Aminosäuren und Derivate;Amino acids and derivatives
A16AB;Enzyme;Enzymes
A16AX;Sonstige Mittel für das alimentäre System und den Stoffwechsel;Various alimentary tract and metabolism products
B01AA;Vitamin-K-Antagonisten;Vitamin K antagonists
B01AB;Heparingruppe;Heparin group
B01AC;Thrombozytenaggregationshemmer, exkl. Heparin;Platelet aggregation inhibitors excl. Heparin
B01AD;Enzyme;Enzymes
B01AE;Direkte Thrombininhibitoren;Direct thrombin inhibitors
B01AF;Direkte Faktor-Xa-Inhibitoren;Direct factor Xa inhibitors
B01AX;Andere antithrombotische Mittel;Other antithrombotic agents
B02AA;Aminosäuren;Amino acids
B02AB;Proteinasehemmer;Proteinase inhibitors
B02BA;Vitamin K;Vitamin K
B02BB;Fibrinogene;Fibrinogen
B02BC;Lokale Hämostatika;Local hemostatics
B02BD;BlutBlutgerinnungsfaktoren;Blood coagulation factors
B02BD;Blutgerinnungsfaktoren;Blood coagulation factors
B02BX;Andere systemische Hämostatika;Other systemic hemostatics
B03AA;Eisen zweiwertig, orale Zubereitungen;Iron bivalent, oral preparations
B03AB;Eisen dreiwertig, orale Zubereitungen;Iron trivalent, oral preparations
B03AC;Eisen, parenterale Zubereitungen;Iron, parenteral preparations
B03AD;Eisen in Kombination mit Folsäure;Iron in combination with folic acid
B03AE;Eisen in anderen Kombinationen;Iron in other combinations
B03BA;Vitamin B12 (Cyanocobalamin und Analoga);Vitamin B12 (cyanocobalamin and analogues)
B03BB;Folsäure und Derivate;Folic acid and derivatives
B03XA;Andere Antianämika;Other antianemic preparations
B05AA;Blutersatzmittel und Plasmaproteinfraktionen;Blood substitutes and plasma protein fractions
B05AX;Andere Blutprodukte;Other blood products
B05BA;Lösungen zur parenteralen Ernährung;Solutions for parenteral nutrition
B05BB;Lösungen mit Wirkung auf den Elektrolythaushalt;Solutions affecting the electrolyte balance
B05BC;Osmodiuretika;Solutions producing osmotic diuresis
B05CA;Antiinfektiva;Antiinfectives
B05CB;Salzlösungen;Salt solutions
B05CX;Andere Spüllösungen;Other irrigating solutions
B05DA;Isotone Lösungen;Isotonic solutions
B05DB;Hypertone Lösungen;Hypertonic solutions
B05XA;Elektrolytlösungen;Electrolyte solutions
B05XB;Aminosäuren;Amino acids
B05XC;Vitamine;Vitamins
B05XX;Andere Additiva zu i.v.-Lösungen;Other i.v. Solution additives
B05ZA;Hämodialysekonzentrate;Hemodialytics, concentrates
B05ZB;Hämofiltrate;Hemofiltrates
B06AA;Enzyme;Enzymes
B06AB;Andere Hämprodukte;Other hem products
B06AC;Mittel zur Behandlung des Hereditären Angioödems;Drugs used in hereditary angioedema
C01AA;Digitalisglykoside;Digitalis glycosides
C01AB;Scillaglykoside;Scilla glycosides
C01AC;Strophanthusglykoside;Strophanthus glycosides
C01AX;Andere Herzglykoside;Other cardiac glycosides
C01BA;Antiarrhythmika, Klasse IA;Antiarrhythmics, class IA
C01BB;Antiarrhythmika, Klasse IB;Antiarrhythmics, class IB
C01BC;Antiarrhythmika, Klasse IC;Antiarrhythmics, class IC
C01BD;Antiarrhythmika, Klasse III;Antiarrhythmics, class III
C01BG;Andere Antiarrhythmika, Klasse I und III;Other antiarrhythmics, class I and III
C01CA;Adrenerge und dopaminerge Mittel;Adrenergic and dopaminergic agents
C01CE;Phosphodiesterasehemmer;Phosphodiesterase inhibitors
C01CX;Andere Kardiostimulanzien;Other cardiac stimulants
C01DA;Organische Nitrate;Organic nitrates
C01DB;Chinolon-Vasodilatatoren;Quinolone vasodilators
C01DX;Andere bei Herzerkrankungen eingesetzte Vasodilatatoren;Other vasodilators used in cardiac diseases
C01EA;Prostaglandine;Prostaglandins
C01EB;Andere Herzmittel;Other cardiac preparations
C01EX;Andere Herzmittel, Kombinationen;Other cardiac combination products
C02AA;Rauwolfia-Alkaloide;Rauwolfia alkaloids
C02AB;Methyldopa;Methyldopa
C02AC;Imidazolin-Rezeptoragonisten;Imidazoline receptor agonists
C02BA;Sulfonium-Derivate;Sulfonium derivatives
C02BB;Sekundäre und tertiäre Amine;Secondary and tertiary amines
C02BC;Bisquartäre Ammonium-Verbindungen;Bisquaternary ammonium compounds
C02CA;Alpha-Adrenozeptor-Antagonisten;Alpha-adrenoreceptor antagonists
C02CC;Guanidin-Derivate;Guanidine derivatives
C02DA;Thiazid-Derivate;Thiazide derivatives
C02DB;Hydrazinophthalazin-Derivate;Hydrazinophthalazine derivatives
C02DC;Pyrimidin-Derivate;Pyrimidine derivatives
C02DD;Nitroferrocyanid-Derivate;Nitroferricyanide derivatives
C02DG;Guanidin-Derivate;Guanidine derivatives
C02KA;Alkaloide, exkl. Rauwolfia;Alkaloids, excl. Rauwolfia
C02KB;Tyrosinhydroxylasehemmer;Tyrosine hydroxylase inhibitors
C02KC;MAO-Hemmer;MAO inhibitors
C02KD;Serotonin-Antagonisten;Serotonin antagonists
C02KX;Antihypertensiva zur Behandlung der pulmonalen arteriellen Hypertonie;Antihypertensives for pulmonary arterial hypertension
C02KX;Antihypertonika zur Behandlung der pulmonalen arteriellen Hypertonie;Antihypertensives for pulmonary arterial hypertension
C02LA;Rauwolfia-Alkaloide und Diuretika in Kombination;Rauwolfia alkaloids and diuretics in combination
C02LB;Methyldopa und Diuretika in Kombination;Methyldopa and diuretics in combination
C02LC;Imidazolin-Rezeptoragonisten in Kombination mit Diuretika;Imidazoline receptor agonists in combination with diuretics
C02LE;Alpha-Adrenozeptor-Antagonisten und Diuretika;Alpha-adrenoreceptor antagonists and diuretics
C02LF;Guanidin-Derivate und Diuretika;Guanidine derivatives and diuretics
C02LG;Hydrazinophthalazin-Derivate und Diuretika;Hydrazinophthalazine derivatives and diuretics
C02LK;Alkaloide, exkl. Rauwolfia, in Kombination mit Diuretika;Alkaloids, excl. Rauwolfia, in combination with diuretics
C02LL;MAO-Hemmer und Diuretika;MAO inhibitors and diuretics
C02LN;Serotonin-Antagonisten und Diuretika;Serotonin antagonists and diuretics
C02LX;Andere Antihypertonika und Diuretika;Other antihypertensives and diuretics
C02LX;Andere Antihypertensiva und Diuretika;Other antihypertensives and diuretics
C03AA;Thiazide, rein;Thiazides, plain
C03AB;Thiazide und Kalium in Kombination;Thiazides and potassium in combination
C03AH;Thiazide, Kombinationen mit Psycholeptika und/oder Analgetika;Thiazides, combinations with psycholeptics and/or analgesics
C03AX;Thiazide, Kombinationen mit anderen Mitteln;Thiazides, combinations with other drugs
C03BA;Sulfonamide, rein;Sulfonamides, plain
C03BB;Sulfonamide und Kalium in Kombination;Sulfonamides and potassium in combination
C03BC;Quecksilber-haltige Diuretika;Mercurial diuretics
C03BD;Xanthin-Derivate;Xanthine derivatives
C03BK;Sulfonamide, Kombinationen mit anderen Mitteln;Sulfonamides, combinations with other drugs
C03BX;Andere Low-ceiling-Diuretika;Other low-ceiling diuretics
C03CA;Sulfonamide, rein;Sulfonamides, plain
C03CB;Sulfonamide und Kalium in Kombination;Sulfonamides and potassium in combination
C03CC;Aryloxyessigsäure-Derivate;Aryloxyacetic acid derivatives
C03CD;Pyrazolon-Derivate;Pyrazolone derivatives
C03CX;Andere High-ceiling-Diuretika;Other high-ceiling diuretics
C03DA;Aldosteron-Antagonisten;Aldosterone antagonists
C03DB;Andere Kalium sparende Mittel;Other potassium-sparing agents
C03EA;Low-ceiling-Diuretika und Kalium sparende Mittel;Low-ceiling diuretics and potassium-sparing agents
C03EB;High-ceiling-Diuretika und Kalium sparende Diuretika;High-ceiling diuretics and potassium-sparing agents
C03XA;Vasopressin-Antagonisten;Vasopressin antagonists
C04AA;2-Amino-1-phenylethanol-Derivate;2-Amino-1-phenylethanol derivatives
C04AB;Imidazolin-Derivate;Imidazoline derivatives
C04AC;Nicotinsäure und Derivate;Nicotinic acid and derivatives
C04AD;Purin-Derivate;Purine derivatives
C04AE;Mutterkorn-Alkaloide;Ergot alkaloids
C04AF;Enzyme;Enzymes
C04AX;Andere periphere Vasodilatatoren;Other peripheral vasodilators
C05AA;Corticosteroide;Corticosteroids
C05AB;Antibiotika;Antibiotics
C05AD;Lokalanästhetika;Local anesthetics
C05AE;Muskelrelaxanzien;Muscle relaxants
C05AX;Andere Mittel zur Behandlung von Hämorrhoiden und Analfissuren zur topischen Anwendung;Other agents for treatment of hemorrhoids and anal fissures for topical use
C05BA;Heparine oder Heparinoide zur topischen Anwendung;Heparins or heparinoids for topical use
C05BB;Sklerosierende Mittel zur lokalen Injektion;Sclerosing agents for local injection
C05BX;Andere sklerosierende Mittel;Other sclerosing agents
C05CA;Bioflavonoide;Bioflavonoids
C05CX;Andere kapillarstabilisierende Mittel;Other capillary stabilizing agents
C07AA;Beta-Adrenozeptor-Antagonisten, nichtselektiv;Beta blocking agents, non-selective
C07AB;Beta-Adrenozeptor-Antagonisten, selektiv;Beta blocking agents, selective
C07AG;Alpha- und Beta-Adrenozeptor-Antagonisten;Alpha and beta blocking agents
C07BA;Beta-Adrenozeptor-Antagonisten, nichtselektiv, und Thiazide;Beta blocking agents, non-selective, and thiazides
C07BB;Beta-Adrenozeptor-Antagonisten, selektiv, und Thiazide;Beta blocking agents, selective, and thiazides
C07BG;Alpha- und Beta-Adrenozeptor-Antagonisten und Thiazide;Alpha and beta blocking agents and thiazides
C07CA;Beta-Adrenozeptor-Antagonisten, nichtselektiv, und andere Diuretika;Beta blocking agents, non-selective, and other diuretics
C07CB;Beta-Adrenozeptor-Antagonisten, selektiv, und andere Diuretika;Beta blocking agents, selective, and other diuretics
C07CG;Alpha- und Beta-Adrenozeptor-Antagonisten und andere Diuretika;Alpha and beta blocking agents and other diuretics
C07DA;Beta-Adrenozeptor-Antagonisten, nichtselektiv, Thiazide und andere Diuretika;Beta blocking agents, non-selective, thiazides and other diuretics
C07DB;Beta-Adrenozeptor-Antagonisten, selektiv, Thiazide und andere Diuretika;Beta blocking agents, selective, thiazides and other diuretics
C07EA;Beta-Adrenozeptor-Antagonisten, nichtselektiv, und Vasodilatatoren;Beta blocking agents, non-selective, and vasodilators
C07EB;Beta-Adrenozeptor-Antagonisten, selektiv, und Vasodilatatoren;Beta blocking agents, selective, and vasodilators
C07FA;Beta-Adrenozeptor-Antagonisten, nichtselektiv, und andere Antihypertensiva;Beta blocking agents, non-selective, and other antihypertensives
C07FA;Beta-Adrenozeptor-Antagonisten, nichtselektiv, und andere Antihypertonika;Beta blocking agents, non-selective, and other antihypertensives
C07FB;Beta-Adrenozeptor-Antagonisten, selektiv, und andere Antihypertonika;Beta blocking agents, selective, and other antihypertensives
C07FB;Beta-Adrenozeptor-Antagonisten, selektiv, und andere Antihypertensiva;Beta blocking agents, selective, and other antihypertensives
C08CA;Dihydropyridin-Derivate;Dihydropyridine derivatives
C08CX;Andere selektive Calciumkanalblocker mit vorwiegender Gefäßwirkung;Other selective calcium channel blockers with mainly vascular effects
C08DA;Phenylalkylamin-Derivate;Phenylalkylamine derivatives
C08DB;Benzothiazepin-Derivate;Benzothiazepine derivatives
C08EA;Phenylalkylamin-Derivate;Phenylalkylamine derivatives
C08EX;Andere nichtselektive Calciumkanalblocker;Other non-selective calcium channel blockers
C08GA;Calciumkanalblocker und Diuretika;Calcium channel blockers and diuretics
C09AA;ACE-Hemmer, rein;ACE inhibitors, plain
C09BA;ACE-Hemmer und Diuretika;ACE inhibitors and diuretics
C09BB;ACE-Hemmer und Calciumkanalblocker;ACE inhibitors and calcium channel blockers
C09BX;ACE-Hemmer, andere Kombinationen;ACE inhibitors, other combinations
C09CA;Angiotensin-II-Antagonisten, rein;Angiotensin II antagonists, plain
C09DA;Angiotensin-II-Antagonisten und Diuretika;Angiotensin II antagonists and diuretics
C09DB;Angiotensin-II-Antagonisten und Calciumkanalblocker;Angiotensin II antagonists and calcium channel blockers
C09DX;Angiotensin-II-Antagonisten, andere Kombinationen;Angiotensin II antagonists, other combinations
C09XA;Renin-Inhibitoren;Renin-inhibitors
C10AA;HMG-CoA-Reduktasehemmer;HMG coa reductase inhibitors
C10AB;Fibrate;Fibrates
C10AC;Gallensäure bindende Mittel;Bile acid sequestrants
C10AD;Nicotinsäure und Derivate;Nicotinic acid and derivatives
C10AX;Andere Mittel, die den Lipidstoffwechsel beeinflussen;Other lipid modifying agents
C10BA;HMG-CoA-Reduktasehemmer in Kombination mit anderen Mitteln, die den Lipidstoffwechsel beeinflussen;HMG coa reductase inhibitors in combination with other lipid modifying agents
C10BX;HMG-CoA-Reduktasehemmer, andere Kombinationen;HMG coa reductase inhibitors, other combinations
D01AA;Antibiotika;Antibiotics
D01AC;Imidazol- und Triazol-Derivate;Imidazole and triazole derivatives
D01AE;Andere Antimykotika zur topischen Anwendung;Other antifungals for topical use
D01BA;Antimykotika zur systemischen Anwendung;Antifungals for systemic use
D02AA;Silikon-haltige Mittel;Silicone products
D02AB;Zink-haltige Mittel;Zinc products
D02AC;Vaseline und Fett-haltige Mittel;Soft paraffin and fat products
D02AD;Flüssige Pflaster;Liquid plasters
D02AE;Harnstoff-haltige Mittel;Carbamide products
D02AF;Salicylsäure-haltige Zubereitungen;Salicylic acid preparations
D02AX;Andere Emollientia und Hautschutzmittel;Other emollients and protectives
D02BA;Protektiva gegen UV-Strahlung zur topischen Anwendung;Protectives against uv-radiation for topical use
D02BB;Protektiva gegen UV-Strahlung zur systemischen Anwendung;Protectives against uv-radiation for systemic use
D03AA;Lebertransalben;Cod-liver oil ointments
D03AX;Andere Wundbehandlungsmittel;Other cicatrizants
D03BA;Proteolytische Enzyme;Proteolytic enzymes
D04AA;Antihistaminika zur topischen Anwendung;Antihistamines for topical use
D04AB;Lokalanästhetika;Anesthetics for topical use
D04AX;Andere Antipruriginosa;Other antipruritics
D05AA;Teere;Tars
D05AC;Anthracen-Derivate;Anthracen derivatives
D05AD;Psoralene zur topischen Anwendung;Psoralens for topical use
D05AX;Andere Antipsoriatika zur topischen Anwendung;Other antipsoriatics for topical use
D05BA;Psoralene zur systemischen Anwendung;Psoralens for systemic use
D05BB;Retinoide zur Behandlung der Psoriasis;Retinoids for treatment of psoriasis
D05BX;Andere Antipsoriatika zur systemischen Anwendung;Other antipsoriatics for systemic use
D06AA;Tetracyclin und Derivate;Tetracycline and derivatives
D06AX;Andere Antibiotika zur topischen Anwendung;Other antibiotics for topical use
D06BA;Sulfonamide;Sulfonamides
D06BB;Antivirale Mittel;Antivirals
D06BX;Andere Chemotherapeutika;Other chemotherapeutics
D07AA;Corticosteroide, schwach wirksam (Gruppe I);Corticosteroids, weak (group I)
D07AB;Corticosteroide, mittelstark wirksam (Gruppe II);Corticosteroids, moderately potent (group II)
D07AC;Corticosteroide, stark wirksam (Gruppe III);Corticosteroids, potent (group III)
D07AD;Corticosteroide, sehr stark wirksam (Gruppe IV);Corticosteroids, very potent (group IV)
D07BA;Corticosteroide, schwach wirksam, Kombinationen mit Antiseptika;Corticosteroids, weak, combinations with antiseptics
D07BB;Corticosteroide, mittelstark wirksam, Kombinationen mit Antiseptika;Corticosteroids, moderately potent, combinations with antiseptics
D07BC;Corticosteroide, stark wirksam, Kombinationen mit Antiseptika;Corticosteroids, potent, combinations with antiseptics
D07BD;Corticosteroide, sehr stark wirksam, Kombinationen mit Antiseptika;Corticosteroids, very potent, combinations with antiseptics
D07CA;Corticosteroide, schwach wirksam, Kombinationen mit Antibiotika;Corticosteroids, weak, combinations with antibiotics
D07CB;Corticosteroide, mittelstark wirksam, Kombinationen mit Antibiotika;Corticosteroids, moderately potent, combinations with antibiotics
D07CC;Corticosteroide, stark wirksam, Kombinationen mit Antibiotika;Corticosteroids, potent, combinations with antibiotics
D07CD;Corticosteroide, sehr stark wirksam, Kombinationen mit Antibiotika;Corticosteroids, very potent, combinations with antibiotics
D07XA;Corticosteroide, schwach wirksam, andere Kombinationen;Corticosteroids, weak, other combinations
D07XB;Corticosteroide, mittelstark wirksam, andere Kombinationen;Corticosteroids, moderately potent, other combinations
D07XC;Corticosteroide, stark wirksam, andere Kombinationen;Corticosteroids, potent, other combinations
D07XD;Corticosteroide, sehr stark wirksam, andere Kombinationen;Corticosteroids, very potent, other combinations
D08AA;Acridin-Derivate;Acridine derivatives
D08AB;Aluminium-haltige Mittel;Aluminium agents
D08AC;Biguanide und Amidine;Biguanides and amidines
D08AD;Borsäure-haltige Mittel;Boric acid products
D08AE;Phenol und Derivate;Phenol and derivatives
D08AF;Nitrofuran-Derivate;Nitrofuran derivatives
D08AG;Iod-haltige Mittel;Iodine products
D08AH;Chinolin-Derivate;Quinoline derivatives
D08AJ;Quartäre Ammonium-Verbindungen;Quaternary ammonium compounds
D08AK;Quecksilber-haltige Mittel;Mercurial products
D08AL;Silber-haltige Verbindungen;Silver compounds
D08AX;Andere Antiseptika und Desinfektionsmittel;Other antiseptics and disinfectants
D09AA;Medizinische Verbände mit Antiinfektiva;Medicated dressings with antiinfectives
D09AB;Zink-haltige Verbände;Zinc bandages
D09AX;Vaselin-haltige Verbände;Soft paraffin dressings
D10AA;Corticosteroide, Kombinationen zur Behandlung der Akne;Corticosteroids, combinations for treatment of acne
D10AB;Schwefel-haltige Mittel;Preparations containing sulfur
D10AD;Retinoide zur topischen Anwendung bei Akne;Retinoids for topical use in acne
D10AE;Peroxide;Peroxides
D10AF;Antiinfektiva zur Behandlung der Akne;Antiinfectives for treatment of acne
D10AX;Andere Aknemittel zur topischen Anwendung;Other anti-acne preparations for topical use
D10BA;Retinoide zur Behandlung der Akne;Retinoids for treatment of acne
D10BX;Andere Aknemittel zur systemischen Anwendung;Other anti-acne preparations for systemic use
D11AA;Antihidrotika;Antihidrotics
D11AC;Medizinische Haarwaschmittel;Medicated shampoos
D11AE;Androgene zur topischen Anwendung;Androgens for topical use
D11AF;Warzenmittel und Keratolytika;Wart and anti-corn preparations
D11AH;Mittel zur Behandlung der Dermatitis, exkl. Corticosteroide;Agents for dermatitis, excluding corticosteroids
D11AX;Andere Dermatika;Other dermatologicals
G01AA;Antibiotika;Antibiotics
G01AB;Arsen-haltige Verbindungen;Arsenic compounds
G01AC;Chinolin-Derivate;Quinoline derivatives
G01AD;Organische Säuren;Organic acids
G01AE;Sulfonamide;Sulfonamides
G01AF;Imidazol-Derivate;Imidazole derivatives
G01AG;Triazol-Derivate;Triazole derivatives
G01AX;Andere Antiinfektiva und Antiseptika;Other antiinfectives and antiseptics
G01BA;Antibiotika und Corticosteroide;Antibiotics and corticosteroids
G01BC;Chinolin-Derivate und Corticosteroide;Quinoline derivatives and corticosteroids
G01BD;Antiseptika und Corticosteroide;Antiseptics and corticosteroids
G01BE;Sulfonamide und Corticosteroide;Sulfonamides and corticosteroids
G01BF;Imidazol-Derivate und Corticosteroide;Imidazole derivatives and corticosteroids
G02AB;Mutterkorn-Alkaloide;Ergot alkaloids
G02AC;Mutterkorn-Alkaloide und Oxytocin inkl. Derivate, in Kombination;Ergot alkaloids and oxytocin incl. Analogues, in combination
G02AD;Prostaglandine;Prostaglandins
G02AX;Andere Uterotonika;Other uterotonics
G02BA;Intrauterine Kontrazeptiva;Intrauterine contraceptives
G02BB;Intravaginale Kontrazeptiva;Intravaginal contraceptives
G02CA;Sympathomimetika, Wehen hemmend;Sympathomimetics, labour repressants
G02CB;Prolactinhemmer;Prolactine inhibitors
G02CC;Antiphlogistika zur vaginalen Anwendung;Antiinflammatory products for vaginal administration
G02CX;Andere Gynäkologika;Other gynecologicals
G03AA;Gestagene und Estrogene, fixe Kombinationen;Progestogens and estrogens, fixed combinations
G03AB;Gestagene und Estrogene, Sequenzialpräparate;Progestogens and estrogens, sequential preparations
G03AC;Gestagene;Progestogens
G03AD;Notfallkontrazeptiva;Emergency contraceptives
G03BA;3-Oxoandrosten-4-Derivate;3-oxoandrosten (4) derivatives
G03BB;5-Androstanon-3-Derivate;5-androstanon (3) derivatives
G03CA;Natürliche und halbsynthetische Estrogene, rein;Natural and semisynthetic estrogens, plain
G03CB;Synthetische Estrogene, rein;Synthetic estrogens, plain
G03CC;Estrogene, Kombinationen mit anderen Mitteln;Estrogens, combinations with other drugs
G03CX;Andere Estrogene;Other estrogens
G03DA;Pregnen-4-Derivate;Pregnen (4) derivatives
G03DB;Pregnadien-Derivate;Pregnadien derivatives
G03DC;Estren-Derivate;Estren derivatives
G03EA;Androgene und Estrogene;Androgens and estrogens
G03EB;Androgen, Gestagen und Estrogen in Kombination;Androgen, progestogen and estrogen in combination
G03EK;Androgene und weibliche Sexualhormone in Kombination mit anderen Mitteln;Androgens and female sex hormones in combination with other drugs
G03FA;Gestagene und Estrogene, fixe Kombinationen;Progestogens and estrogens, fixed combinations
G03FB;Gestagene und Estrogene, Sequenzialpräparate;Progestogens and estrogens, sequential preparations
G03GA;Gonadotropine;Gonadotropins
G03GB;Ovulationsauslöser, synthetisch;Ovulation stimulants, synthetic
G03HA;Antiandrogene, rein;Antiandrogens, plain
G03HB;Antiandrogene und Estrogene;Antiandrogens and estrogens
G03XA;Antigonadotropine und ähnliche Mittel;Antigonadotropins and similar agents
G03XB;Progesteronrezeptor-Modulatoren;Progesterone receptor modulators
G03XB;Progesteron-Rezeptor-Modulatoren;Progesterone receptor modulators
G03XC;Selektive Estrogenrezeptor-Modulatoren;Selective estrogen receptor modulators
G04BA;Harn ansäuernde Mittel;Acidifiers
G04BC;Harnkonkrement lösende Mittel;Urinary concrement solvents
G04BD;Mittel bei häufiger Blasenentleerung und Harninkontinenz;Drugs for urinary frequency and incontinence
G04BE;Mittel bei erektiler Dysfunktion;Drugs used in erectile dysfunction
G04BX;Andere Urologika;Other urologicals
G04CA;Alpha-Adrenozeptor-Antagonisten;Alpha-adrenoreceptor antagonists
G04CB;Testosteron-5-alpha-Reduktasehemmer;Testosterone-5-alpha reductase inhibitors
G04CX;Andere Mittel bei benigner Prostatahyperplasie;Other drugs used in benign prostatic hypertrophy
H01AA;ACTH;Acth
H01AB;Thyrotropin;Thyrotropin
H01AC;Somatropin und Somatropin-Agonisten;Somatropin and somatropin agonists
H01AX;Andere Hypophysenvorderlappenhormone und Analoga;Other anterior pituitary lobe hormones and analogues
H01BA;Vasopressin und Analoga;Vasopressin and analogues
H01BB;Oxytocin und Analoga;Oxytocin and analogues
H01CA;Gonadotropin-Releasing-Hormone;Gonadotropin-releasing hormones
H01CB;Somatostatin und Analoga;Somatostatin and analogues
H01CC;Gonadotropin-Releasing-Hormon-Antagonisten;Anti-gonadotropin-releasing hormones
H02AA;Mineralocorticoide;Mineralocorticoids
H02AB;Glucocorticoide;Glucocorticoids
H02BX;Corticosteroide zur systemischen Anwendung, Kombinationen;Corticosteroids for systemic use, combinations
H02CA;Anticorticosteroide;Anticorticosteroids
H03AA;Schilddrüsenhormone;Thyroid hormones
H03BA;Thiouracile;Thiouracils
H03BB;Schwefel-haltige Imidazol-Derivate;Sulfur-containing imidazole derivatives
H03BC;Perchlorate;Perchlorates
H03BX;Andere Thyreostatika;Other antithyroid preparations
H03CA;Iodtherapie;Iodine therapy
H04AA;Glykogenolytische Hormone;Glycogenolytic hormones
H05AA;Nebenschilddrüsenhormone und Analoga;Parathyroid hormones and analogues
H05BA;Calcitonin-haltige Zubereitungen;Calcitonin preparations
H05BX;Andere Nebenschilddrüsen-Antagonisten;Other anti-parathyroid agents
J01AA;Tetracycline;Tetracyclines
J01BA;Amphenicole;Amphenicols
J01CA;Penicilline mit erweitertem Wirkungsspektrum;Penicillins with extended spectrum
J01CE;Beta-Lactamase-sensitive Penicilline;Beta-lactamase sensitive penicillins
J01CF;Beta-Lactamase-resistente Penicilline;Beta-lactamase resistant penicillins
J01CG;Beta-Lactamase-Inhibitoren;Beta-lactamase inhibitors
J01CR;Kombinationen von Penicillinen, inkl. Beta-Lactamase-Inhibitoren;Combinations of penicillins, incl. Beta-lactamase inhibitors
J01DB;Cephalosporine der 1. Generation;First-generation cephalosporins
J01DC;Cephalosporine der 2. Generation;Second-generation cephalosporins
J01DD;Cephalosporine der 3. Generation;Third-generation cephalosporins
J01DE;Cephalosporine der 4. Generation;Fourth-generation cephalosporins
J01DF;Monobactame;Monobactams
J01DH;Carbapeneme;Carbapenems
J01DI;Andere Cephalosporine und Peneme;Other cephalosporins and penems
J01EA;Trimethoprim und Derivate;Trimethoprim and derivatives
J01EB;Kurz wirkende Sulfonamide;Short-acting sulfonamides
J01EC;Mittellang wirkende Sulfonamide;Intermediate-acting sulfonamides
J01ED;Lang wirkende Sulfonamide;Long-acting sulfonamides
J01EE;Kombinationen von Sulfonamiden und Trimethoprim, inkl. Derivate;Combinations of sulfonamides and trimethoprim, incl. Derivatives
J01FA;Makrolide;Macrolides
J01FF;Lincosamide;Lincosamides
J01FG;Streptogramine;Streptogramins
J01GA;Streptomycine;Streptomycins
J01GB;Andere Aminoglykoside;Other aminoglycosides
J01MA;Fluorchinolone;Fluoroquinolones
J01MB;Andere Chinolone;Other quinolones
J01RA;Kombinationen von Antibiotika;Combinations of antibacterials
J01XA;Glycopeptid-Antibiotika;Glycopeptide antibacterials
J01XB;Polymyxine;Polymyxins
J01XC;Steroid-Antibiotika;Steroid antibacterials
J01XD;Imidazol-Derivate;Imidazole derivatives
J01XE;Nitrofuran-Derivate;Nitrofuran derivatives
J01XX;Andere Antibiotika;Other antibacterials
J02AA;Antibiotika;Antibiotics
J02AB;Imidazol-Derivate;Imidazole derivatives
J02AC;Triazol-Derivate;Triazole derivatives
J02AX;Andere Antimykotika zur systemischen Anwendung;Other antimycotics for systemic use
J04AA;Aminosalicylsäure und Derivate;Aminosalicylic acid and derivatives
J04AB;Antibiotika;Antibiotics
J04AC;Hydrazide;Hydrazides
J04AD;Thiocarbamid-Derivate;Thiocarbamide derivatives
J04AK;Andere Mittel zur Behandlung der Tuberkulose;Other drugs for treatment of tuberculosis
J04AM;Kombinationen von Mitteln zur Behandlung der Tuberkulose;Combinations of drugs for treatment of tuberculosis
J04BA;Mittel zur Behandlung der Lepra;Drugs for treatment of lepra
J05AA;Thiosemicarbazone;Thiosemicarbazones
J05AB;Nukleoside und Nukleotide, exkl. Inhibitoren der Reversen Transkriptase;Nucleosides and nucleotides excl. Reverse transcriptase inhibitors
J05AC;Cyclische Amine;Cyclic amines
J05AD;Phosphonsäure-Derivate;Phosphonic acid derivatives
J05AE;Proteasehemmer;Protease inhibitors
J05AF;Nukleosidale und nukleotidale Inhibitoren der Reversen Transkriptase;Nucleoside and nucleotide reverse transcriptase inhibitors
J05AG;Nicht-nukleosidale Inhibitoren der Reversen Transkriptase;Non-nucleoside reverse transcriptase inhibitors
J05AH;Neuraminidasehemmer;Neuraminidase inhibitors
J05AR;Antivirale Mittel zur Behandlung von HIV Infektionen, Kombinationen;Antivirals for treatment of HIV infections, combinations
J05AX;Andere antivirale Mittel;Other antivirals
J06AA;Immunsera;Immune sera
J06BA;Immunglobuline, normal human;Immunoglobulins, normal human
J06BB;Spezifische Immunglobuline;Specific immunoglobulins
J06BC;Andere Immunglobuline;Other immunoglobulins
J07AC;Milzbrand-Impfstoffe;Anthrax vaccines
J07AD;Brucellose-Impfstoffe;Brucellosis vaccines
J07AE;Cholera-Impfstoffe;Cholera vaccines
J07AF;Diphtherie-Impfstoffe;Diphtheria vaccines
J07AG;Haemophilus influenzae B-Impfstoffe;Hemophilus influenzae B vaccines
J07AH;Meningokokken-Impfstoffe;Meningococcal vaccines
J07AJ;Pertussis-Impfstoffe;Pertussis vaccines
J07AK;Pest-Impfstoffe;Plague vaccines
J07AL;Pneumokokken-Impfstoffe;Pneumococcal vaccines
J07AM;Tetanus-Impfstoffe;Tetanus vaccines
J07AN;Tuberkulose-Impfstoffe;Tuberculosis vaccines
J07AP;Typhus-Impfstoffe;Typhoid vaccines
J07AR;Typhus (exanthematicus)-Impfstoffe;Typhus (exanthematicus) vaccines
J07AX;Andere bakterielle Impfstoffe;Other bacterial vaccines
J07BA;Encephalitis-Impfstoffe;Encephalitis vaccines
J07BB;Influenza-Impfstoffe;Influenza vaccines
J07BC;Hepatitis-Impfstoffe;Hepatitis vaccines
J07BD;Masern-Impfstoffe;Measles vaccines
J07BE;Mumps-Impfstoffe;Mumps vaccines
J07BF;Poliomyelitis-Impfstoffe;Poliomyelitis vaccines
J07BG;Tollwut-Impfstoffe;Rabies vaccines
J07BH;Rotavirus-Diarrhoe-Impfstoffe;Rota virus diarrhea vaccines
J07BJ;Röteln-Impfstoffe;Rubella vaccines
J07BK;Varicella Zoster Impfstoffe;Varicella zoster vaccines
J07BL;Gelbfieber-Impfstoffe;Yellow fever vaccines
J07BM;Papillomvirus-Impfstoffe;Papillomavirus vaccines
J07BX;Andere virale Impfstoffe;Other viral vaccines
J07CA;Bakterielle und virale Impfstoffe, kombiniert;Bacterial and viral vaccines, combined
L01AA;Stickstofflost-Analoga;Nitrogen mustard analogues
L01AB;Alkylsulfonate;Alkyl sulfonates
L01AC;Ethylenimine;Ethylene imines
L01AD;Nitrosoharnstoffe;Nitrosoureas
L01AG;Epoxide;Epoxides
L01AX;Andere alkylierende Mittel;Other alkylating agents
L01BA;Folsäure-Analoga;Folic acid analogues
L01BB;Purin-Analoga;Purine analogues
L01BC;Pyrimidin-Analoga;Pyrimidine analogues
L01CA;Vinka-Alkaloide und Analoga;Vinca alkaloids and analogues
L01CB;Podophyllotoxin-Derivate;Podophyllotoxin derivatives
L01CC;Colchicin-Derivate;Colchicine derivatives
L01CD;Taxane;Taxanes
L01CX;Andere pflanzliche Alkaloide und natürliche Mittel;Other plant alkaloids and natural products
L01DA;Actinomycine;Actinomycines
L01DB;Anthracycline und verwandte Substanzen;Anthracyclines and related substances
L01DC;Andere zytotoxische Antibiotika;Other cytotoxic antibiotics
L01XA;Platin-haltige Verbindungen;Platinum compounds
L01XB;Methylhydrazine;Methylhydrazines
L01XC;Monoklonale Antikörper;Monoclonal antibodies
L01XD;Sensibilisatoren für die photodynamische/Radio-Therapie;Sensitizers used in photodynamic/radiation therapy
L01XE;Proteinkinase-Inhibitoren;Protein kinase inhibitors
L01XX;Andere antineoplastische Mittel;Other antineoplastic agents
L01XY;Kombinationen von antineoplastischen Mitteln;Combinations of antineoplastic agents
L02AA;Estrogene;Estrogens
L02AB;Gestagene;Progestogens
L02AE;Gonadotropin-Releasing-Hormon-Analoga;Gonadotropin releasing hormone analogues
L02AX;Andere Hormone;Other hormones
L02BA;Antiestrogene;Anti-estrogens
L02BB;Antiandrogene;Anti-androgens
L02BG;Aromatase-Inhibitoren;Aromatase inhibitors
L02BX;Andere Hormonantagonisten und verwandte Mittel;Other hormone antagonists and related agents
L03AA;Koloniestimulierende Faktoren;Colony stimulating factors
L03AB;Interferone;Interferons
L03AC;Interleukine;Interleukins
L03AX;Andere Immunstimulanzien;Other immunostimulants
L04AA;Selektive Immunsuppressiva;Selective immunosuppressants
L04AB;Tumornekrosefaktor alpha (TNF-\u03B1)-Inhibitoren;Tumor necrosis factor alpha (TNF-\u03B1) inhibitors
L04AC;Interleukin-Inhibitoren;Interleukin inhibitors
L04AD;Calcineurin-Inhibitoren;Calcineurin inhibitors
L04AX;Andere Immunsuppressiva;Other immunosuppressants
M01AA;Butylpyrazolidine;Butylpyrazolidines
M01AB;Essigsäure-Derivate und verwandte Substanzen;Acetic acid derivatives and related substances
M01AC;Oxicame;Oxicams
M01AE;Propionsäure-Derivate;Propionic acid derivatives
M01AG;Fenamate;Fenamates
M01AH;Coxibe;Coxibs
M01AX;Andere nichtsteroidale Antiphlogistika und Antirheumatika;Other antiinflammatory and antirheumatic agents, non-steroids
M01BA;Antiphlogistika/Antirheumatika in Kombination mit Corticosteroiden;Antiinflammatory/antirheumatic agents in combination with corticosteroids
M01BX;Andere Antiphlogistika/Antirheumatika in Kombination mit anderen Mitteln;Other antiinflammatory/antirheumatic agents in combination with other drugs
M01CA;Chinoline;Quinolines
M01CB;Gold-Verbindungen;Gold preparations
M01CC;Penicillamin und ähnliche Mittel;Penicillamine and similar agents
M01CX;Andere spezifische Antirheumatika;Other specific antirheumatic agents
M02AA;Nichtsteroidale Antiphlogistika zur topischen Anwendung;Antiinflammatory preparations, non-steroids for topical use
M02AB;Capsaicin und ähnliche Mittel;Capsaicin and similar agents
M02AC;Zubereitungen mit Salicylsäure-Derivaten;Preparations with salicylic acid derivatives
M02AX;Andere topische Mittel gegen Gelenk- und Muskelschmerzen;Other topical products for joint and muscular pain
M03AA;Curare-Alkaloide;Curare alkaloids
M03AB;Cholin-Derivate;Choline derivatives
M03AC;Andere quartäre Ammonium-Verbindungen;Other quaternary ammonium compounds
M03AX;Andere Muskelrelaxanzien, peripher wirkende Mittel;Other muscle relaxants, peripherally acting agents
M03BA;Carbaminsäureester;Carbamic acid esters
M03BB;Oxazol-, Thiazin- und Triazin-Derivate;Oxazol, thiazine, and triazine derivatives
M03BC;Ether, chemisch den Antihistaminika verwandt;Ethers, chemically close to antihistamines
M03BX;Andere zentral wirkende Mittel;Other centrally acting agents
M03CA;Dantrolen und Derivate;Dantrolene and derivatives
M04AA;Urikostatika;Preparations inhibiting uric acid production
M04AB;Urikosurika;Preparations increasing uric acid excretion
M04AC;Gichtmittel ohne Effekt auf den Harnsäuremetabolismus;Preparations with no effect on uric acid metabolism
M04AX;Andere Gichtmittel;Other antigout preparations
M05BA;Bisphosphonate;Bisphosphonates
M05BB;Bisphosphonate, Kombinationen;Bisphosphonates, combinations
M05BC;Knochenmorphogene Proteine;Bone morphogenetic proteins
M05BX;Andere Mittel mit Einfluss auf die Knochenstruktur und die Mineralisation;Other drugs affecting bone structure and mineralization
M09AA;Chinin und Derivate;Quinine and derivatives
M09AB;Enzyme;Enzymes
M09AX;Andere Mittel gegen Störungen des Muskel- und Skelettsystems;Other drugs for disorders of the musculo-skeletal system
N01AA;Ether;Ethers
N01AB;Halogenierte Kohlenwasserstoffe;Halogenated hydrocarbons
N01AF;Barbiturate, rein;Barbiturates, plain
N01AG;Barbiturate in Kombination mit anderen Mitteln;Barbiturates in combination with other drugs
N01AH;Opioidanästhetika;Opioid anesthetics
N01AX;Andere Allgemeinanästhetika;Other general anesthetics
N01BA;Ester der Aminobenzoesäure;Esters of aminobenzoic acid
N01BB;Amide;Amides
N01BC;Ester der Benzoesäure;Esters of benzoic acid
N01BX;Andere Lokalanästhetika;Other local anesthetics
N02AA;Natürliche Opium-Alkaloide;Natural opium alkaloids
N02AB;Phenylpiperidin-Derivate;Phenylpiperidine derivatives
N02AC;Diphenylpropylamin-Derivate;Diphenylpropylamine derivatives
N02AD;Benzomorphan-Derivate;Benzomorphan derivatives
N02AE;Oripavin-Derivate;Oripavine derivatives
N02AF;Morphinan-Derivate;Morphinan derivatives
N02AG;Opioide in Kombination mit Spasmolytika;Opioids in combination with antispasmodics
N02AX;Andere Opioide;Other opioids
N02BA;Salicylsäure und Derivate;Salicylic acid and derivatives
N02BB;Pyrazolone;Pyrazolones
N02BE;Anilide;Anilides
N02BG;Andere Analgetika und Antipyretika;Other analgesics and antipyretics
N02CA;Mutterkorn-Alkaloide;Ergot alkaloids
N02CB;Corticosteroid-Derivate;Corticosteroid derivatives
N02CC;Selektive Serotonin-5HT1-Agonisten;Selective serotonin (5HT1) agonists
N02CX;Andere Migränemittel;Other antimigraine preparations
N03AA;Barbiturate und Derivate;Barbiturates and derivatives
N03AB;Hydantoin-Derivate;Hydantoin derivatives
N03AC;Oxazolidin-Derivate;Oxazolidine derivatives
N03AD;Succinimid-Derivate;Succinimide derivatives
N03AE;Benzodiazepin-Derivate;Benzodiazepine derivatives
N03AF;Carboxamid-Derivate;Carboxamide derivatives
N03AG;Fettsäure-Derivate;Fatty acid derivatives
N03AX;Andere Antiepileptika;Other antiepileptics
N04AA;Tertiäre Amine;Tertiary amines
N04AB;Ether, chemisch den Antihistaminika verwandt;Ethers chemically close to antihistamines
N04AC;Tropinether oder Tropin-Derivate;Ethers of tropine or tropine derivatives
N04BA;Dopa und Dopa-Derivate;Dopa and dopa derivatives
N04BB;Adamantan-Derivate;Adamantane derivatives
N04BC;Dopamin-Agonisten;Dopamine agonists
N04BD;Monoaminoxidase-B-Hemmer;Monoamine oxidase B inhibitors
N04BX;Andere dopaminerge Mittel;Other dopaminergic agents
N05AA;Phenothiazine mit aliphatischer Seitenkette;Phenothiazines with aliphatic side-chain
N05AB;Phenothiazine mit Piperazinstruktur;Phenothiazines with piperazine structure
N05AC;Phenothiazine mit Piperidinstruktur;Phenothiazines with piperidine structure
N05AD;Butyrophenon-Derivate;Butyrophenone derivatives
N05AE;Indol-Derivate;Indole derivatives
N05AF;Thioxanthen-Derivate;Thioxanthene derivatives
N05AG;Diphenylbutylpiperidin-Derivate;Diphenylbutylpiperidine derivatives
N05AH;Diazepine, Oxazepine, Thiazepine und Oxepine;Diazepines, oxazepines, thiazepines and oxepines
N05AL;Benzamide;Benzamides
N05AN;Lithium;Lithium
N05AX;Andere Antipsychotika;Other antipsychotics
N05BA;Benzodiazepin-Derivate;Benzodiazepine derivatives
N05BB;Diphenylmethan-Derivate;Diphenylmethane derivatives
N05BC;Carbamate;Carbamates
N05BD;Dibenzo-bicyclo-octadien-Derivate;Dibenzo-bicyclo-octadiene derivatives
N05BE;Azaspirodecandion-Derivate;Azaspirodecanedione derivatives
N05BX;Andere Anxiolytika;Other anxiolytics
N05CA;Barbiturate, rein;Barbiturates, plain
N05CB;Barbiturate, Kombinationen;Barbiturates, combinations
N05CC;Aldehyde und Derivate;Aldehydes and derivatives
N05CD;Benzodiazepin-Derivate;Benzodiazepine derivatives
N05CE;Piperidindion-Derivate;Piperidinedione derivatives
N05CF;Benzodiazepin-verwandte Mittel;Benzodiazepine related drugs
N05CH;Melatonin-Rezeptoragonisten;Melatonin receptor agonists
N05CH;Melatonin-Rezeptor-Agonisten;Melatonin receptor agonists
N05CM;Andere Hypnotika und Sedativa;Other hypnotics and sedatives
N05CX;Hypnotika und Sedativa in Kombination, exkl. Barbiturate;Hypnotics and sedatives in combination, excl. Barbiturates
N06AA;Nichtselektive Monoamin-Wiederaufnahmehemmer;Non-selective monoamine reuptake inhibitors
N06AB;Selektive Serotonin-Wiederaufnahmehemmer;Selective serotonin reuptake inhibitors
N06AF;Monoaminoxidasehemmer, nichtselektiv;Monoamine oxidase inhibitors, non-selective
N06AG;Monoaminoxidase-A-Hemmer;Monoamine oxidase A inhibitors
N06AX;Andere Antidepressiva;Other antidepressants
N06BA;Zentral wirkende Sympathomimetika;Centrally acting sympathomimetics
N06BC;Xanthin-Derivate;Xanthine derivatives
N06BX;Andere Psychostimulanzien und Nootropika;Other psychostimulants and nootropics
N06CA;Antidepressiva in Kombination mit Psycholeptika;Antidepressants in combination with psycholeptics
N06CB;Psychostimulanzien in Kombination mit Psycholeptika;Psychostimulants in combination with psycholeptics
N06DA;Cholinesterasehemmer;Anticholinesterases
N06DX;Andere Antidementiva;Other anti-dementia drugs
N07AA;Cholinesterasehemmer;Anticholinesterases
N07AB;Cholinester;Choline esters
N07AX;Andere Parasympathomimetika;Other parasympathomimetics
N07BA;Mittel zur Behandlung der Nikotinabhängigkeit;Drugs used in nicotine dependence
N07BB;Mittel zur Behandlung der Alkoholabhängigkeit;Drugs used in alcohol dependence
N07BC;Mittel zur Behandlung der Opiatabhängigkeit;Drugs used in opioid dependence
N07CA;Antivertiginosa;Antivertigo preparations
N07XA;Ganglioside und Gangliosid-Derivate;Gangliosides and ganglioside derivatives
N07XX;Andere Mittel für das Nervensystem;Other nervous system drugs
P01AA;Hydroxychinolin-Derivate;Hydroxyquinoline derivatives
P01AB;Nitroimidazol-Derivate;Nitroimidazole derivatives
P01AC;Dichloracetamid-Derivate;Dichloroacetamide derivatives
P01AR;Arsen-haltige Verbindungen;Arsenic compounds
P01AX;Andere Mittel gegen Amöbiasis und andere Protozoen-Erkrankungen;Other agents against amoebiasis and other protozoal diseases
P01BA;Aminochinoline;Aminoquinolines
P01BB;Biguanide;Biguanides
P01BC;Methanolchinoline;Methanolquinolines
P01BD;Diaminopyrimidine;Diaminopyrimidines
P01BE;Artemisinin und Derivate, rein;Artemisinin and derivatives, plain
P01BF;Artemisinin und Derivate, Kombinationen;Artemisinin and derivatives, combinations
P01BX;Andere Malariamittel;Other antimalarials
P01CA;Nitroimidazol-Derivate;Nitroimidazole derivatives
P01CB;Antimon-haltige Verbindungen;Antimony compounds
P01CC;Nitrofuran-Derivate;Nitrofuran derivatives
P01CD;Arsen-haltige Verbindungen;Arsenic compounds
P01CX;Andere Mittel gegen Leishmaniasis und Trypanosomiasis;Other agents against leishmaniasis and trypanosomiasis
P02BA;Chinolin-Derivate und verwandte Substanzen;Quinoline derivatives and related substances
P02BB;Organophosphat-Verbindungen;Organophosphorous compounds
P02BX;Andere Trematodenmittel;Other antitrematodal agents
P02CA;Benzimidazol-Derivate;Benzimidazole derivatives
P02CB;Piperazin und Derivate;Piperazine and derivatives
P02CC;Tetrahydropyrimidin-Derivate;Tetrahydropyrimidine derivatives
P02CE;Imidazothiazol-Derivate;Imidazothiazole derivatives
P02CF;Avermektine;Avermectines
P02CX;Andere Nematodenmittel;Other antinematodals
P02DA;Salicylsäure-Derivate;Salicylic acid derivatives
P02DX;Andere Bandwurmmittel;Other anticestodals
P03AA;Schwefel-haltige Mittel;Sulfur containing products
P03AB;Chlor-haltige Mittel;Chlorine containing products
P03AC;Pyrethrine, inkl. synthetische Verbindungen;Pyrethrines, incl. Synthetic compounds
P03AX;Andere Mittel gegen Ektoparasiten, inkl. Antiscabiosa;Other ectoparasiticides, incl. Scabicides
P03BA;Pyrethrine;Pyrethrines
P03BX;Andere Insektizide und Repellenzien;Other insecticides and repellents
R01AA;Sympathomimetika, rein;Sympathomimetics, plain
R01AB;Sympathomimetika, Kombinationen exkl. Corticosteroide;Sympathomimetics, combinations excl. Corticosteroids
R01AC;Antiallergika, exkl. Corticosteroide;Antiallergic agents, excl. Corticosteroids
R01AD;Corticosteroide;Corticosteroids
R01AX;Andere Rhinologika;Other nasal preparations
R01BA;Sympathomimetika;Sympathomimetics
R02AA;Antiseptika;Antiseptics
R02AB;Antibiotika;Antibiotics
R02AD;Lokalanästhetika;Anesthetics, local
R02AX;Andere Hals- und Rachentherapeutika;Other throat preparations
R03AA;Alpha- und Beta-Adrenozeptor-Agonisten;Alpha- and beta-adrenoreceptor agonists
R03AB;Nichtselektive Beta-Adrenozeptor-Agonisten;Non-selective beta-adrenoreceptor agonists
R03AC;Selektive Beta2-Adrenozeptor-Agonisten;Selective beta-2-adrenoreceptor agonists
R03AH;Kombinationen von Sympathomimetika;Combinations of adrenergics
R03AK;Sympathomimetika in Kombination mit Corticosteroiden oder anderen Mitteln, exkl. Anticholinergika;Adrenergics in combination with corticosteroids or other drugs, excl. anticholinergics
R03AL;Sympathomimetika in Kombination mit Anticholinergika;Adrenergics in combination with anticholinergics
R03BA;Glucocorticoide;Glucocorticoids
R03BB;Anticholinergika;Anticholinergics
R03BC;Antiallergika, exkl. Corticosteroide;Antiallergic agents, excl. Corticosteroids
R03BX;Andere inhalative Mittel bei obstruktiven Atemwegserkrankungen;Other drugs for obstructive airway diseases, inhalants
R03CA;Alpha- und Beta-Adrenozeptor-Agonisten;Alpha- and beta-adrenoreceptor agonists
R03CB;Nichtselektive Beta-Adrenozeptor-Agonisten;Non-selective beta-adrenoreceptor agonists
R03CC;Selektive Beta2-Adrenozeptor-Agonisten;Selective beta-2-adrenoreceptor agonists
R03CK;Sympathomimetika und andere Mittel bei obstruktiven Atemwegserkrankungen;Adrenergics and other drugs for obstructive airway diseases
R03DA;Xanthine;Xanthines
R03DB;Xanthine und Sympathomimetika;Xanthines and adrenergics
R03DC;Leukotrienrezeptor-Antagonisten;Leukotriene receptor antagonists
R03DX;Andere Mittel bei obstruktiven Atemwegserkrankungen zur systemischen Anwendung;Other systemic drugs for obstructive airway diseases
R05CA;Expektoranzien;Expectorants
R05CB;Mukolytika;Mucolytics
R05DA;Opium-Alkaloide und Derivate;Opium alkaloids and derivatives
R05DB;Andere Antitussiva;Other cough suppressants
R05FA;Opium-Derivate und Expektoranzien;Opium derivatives and expectorants
R05FB;Andere Antitussiva und Expektoranzien;Other cough suppressants and expectorants
R06AA;Aminoalkylether;Aminoalkyl ethers
R06AB;Substituierte Alkylamine;Substituted alkylamines
R06AC;Substituierte Ethylendiamine;Substituted ethylene diamines
R06AD;Phenothiazin-Derivate;Phenothiazine derivatives
R06AE;Piperazin-Derivate;Piperazine derivatives
R06AK;Kombinationen von Antihistaminika;Combinations of antihistamines
R06AX;Andere Antihistaminika zur systemischen Anwendung;Other antihistamines for systemic use
R07AA;Surfactant-Präparate;Lung surfactants
R07AB;Atemstimulanzien;Respiratory stimulants
R07AX;Andere Mittel für den Respirationstrakt;Other respiratory system products
S01AA;Antibiotika;Antibiotics
S01AB;Sulfonamide;Sulfonamides
S01AD;Antivirale Mittel;Antivirals
S01AE;Fluorchinolone;Fluoroquinolones
S01AX;Andere Antiinfektiva;Other antiinfectives
S01BA;Corticosteroide, rein;Corticosteroids, plain
S01BB;Corticosteroide und Mydriatika in Kombination;Corticosteroids and mydriatics in combination
S01BC;Nichtsteroidale Antiphlogistika;Antiinflammatory agents, non-steroids
S01CA;Corticosteroide und Antiinfektiva in Kombination;Corticosteroids and antiinfectives in combination
S01CB;Corticosteroide/Antiinfektiva/Mydriatika in Kombination;Corticosteroids/antiinfectives/mydriatics in combination
S01CC;Nichtsteroidale Antiphlogistika und Antiinfektiva in Kombination;Antiinflammatory agents, non-steroids and antiinfectives in combination
S01EA;Sympathomimetika in der Glaukomtherapie;Sympathomimetics in glaucoma therapy
S01EB;Parasympathomimetika;Parasympathomimetics
S01EC;Carboanhydrasehemmer;Carbonic anhydrase inhibitors
S01ED;Beta-Adrenozeptor-Antagonisten;Beta blocking agents
S01EE;Prostaglandin-Analoga;Prostaglandin analogues
S01EX;Andere Glaukommittel;Other antiglaucoma preparations
S01FA;Anticholinergika;Anticholinergics
S01FB;Sympathomimetika, exkl. Glaukommittel;Sympathomimetics excl. Antiglaucoma preparations
S01GA;Sympathomimetika als Dekongestiva;Sympathomimetics used as decongestants
S01GX;Andere Antiallergika;Other antiallergics
S01HA;Lokalanästhetika;Local anesthetics
S01JA;Farbstoffe;Colouring agents
S01JX;Andere ophthalmologische Diagnostika;Other ophthalmological diagnostic agents
S01KA;Viskoelastische Substanzen;Viscoelastic substances
S01KX;Andere chirurgische Hilfsmittel;Other surgical aids
S01LA;Antineovaskuläre Mittel;Antineovascularisation agents
S01XA;Andere Ophthalmika;Other ophthalmologicals
S02AA;Antiinfektiva;Antiinfectives
S02BA;Corticosteroide;Corticosteroids
S02CA;Corticosteroide und Antiinfektiva in Kombination;Corticosteroids and antiinfectives in combination
S02DA;Analgetika und Anästhetika;Analgesics and anesthetics
S02DC;Indifferente Zubereitungen;Indifferent preparations
S03AA;Antiinfektiva;Antiinfectives
S03BA;Corticosteroide;Corticosteroids
S03CA;Corticosteroide und Antiinfektiva in Kombination;Corticosteroids and antiinfectives in combination
V01AA;Allergen-Extrakte;Allergen extracts
V03AB;Antidote;Antidotes
V03AC;Eisen-Chelatbildner;Iron chelating agents
V03AE;Mittel zur Behandlung der Hyperkaliämie und Hyperphosphatämie;Drugs for treatment of hyperkalemia and hyperphosphatemia
V03AF;Entgiftungsmittel für die Behandlung mit Zytostatika;Detoxifying agents for antineoplastic treatment
V03AG;Mittel zur Behandlung der Hyperkalzämie;Drugs for treatment of hypercalcemia
V03AH;Mittel zur Behandlung der Hypoglykämie;Drugs for treatment of hypoglycemia
V03AK;Gewebekleber;Tissue adhesives
V03AM;Mittel zur Embolisation;Drugs for embolisation
V03AN;Medizinische Gase;Medical gases
V03AX;Andere therapeutische Mittel;Other therapeutic products
V03AZ;Nerven dämpfende Mittel;Nerve depressants
V04CA;Diabetes-Tests;Tests for diabetes
V04CB;Fettabsorptions-Tests;Tests for fat absorption
V04CC;Gallenfluss-Tests;Tests for bile duct patency
V04CD;Hypophysenfunktions-Tests;Tests for pituitary function
V04CE;Leberfunktions-Tests;Tests for liver functional capacity
V04CF;Tuberkulose-Diagnostika;Tuberculosis diagnostics
V04CG;Magensäuresekretions-Tests;Tests for gastric secretion
V04CH;Nierenfunktionstests und Tests auf Harnleiterverletzungen;Tests for renal function and ureteral injuries
V04CJ;Schilddrüsenfunktions-Tests;Tests for thyreoidea function
V04CK;Pankreasfunktions-Tests;Tests for pancreatic function
V04CL;Allergie-Tests;Tests for allergic diseases
V04CM;Fertilitäts-Tests;Tests for fertility disturbances
V04CX;Andere Diagnostika;Other diagnostic agents
V06AA;Niedrigkalorische Diäten;Low-energy diets
V06CA;Diätetika ohne Phenylalanin;Nutrients without phenylalanine
V06DA;Kohlenhydrate/Proteine/Mineralstoffe/Vitamine, Kombinationen;Carbohydrates/proteins/minerals/vitamins, combinations
V06DB;Fette/Kohlenhydrate/Proteine/Mineralstoffe/Vitamine, Kombinationen;Fat/carbohydrates/proteins/minerals/vitamins, combinations
V06DC;Kohlenhydrate;Carbohydrates
V06DD;Aminosäuren, inkl. Kombinationen mit Polypeptiden;Amino acids, incl. Combinations with polypeptides
V06DE;Aminosäuren/Kohlenhydrate/Mineralstoffe/Vitamine, Kombinationen;Amino acids/carbohydrates/minerals/vitamins, combinations
V06DF;Milchersatzstoffe;Milk substitutes
V06DX;Andere Diätetika-Kombinationen;Other combinations of nutrients
V07AA;Pflaster;Plasters
V07AB;Lösungs- und Verdünnungsmittel, inkl. Spüllösungen;Solvents and diluting agents, incl. Irrigating solutions
V07AC;Bluttransfusionen, Hilfsstoffe;Blood transfusion, auxiliary products
V07AD;Blut-Tests, Hilfsmittel;Blood tests, auxiliary products
V07AN;Inkontinenz-Artikel;Incontinence equipment
V07AR;Sensitivitäts-Tests, Plättchen und Tabletten;Sensitivity tests, discs and tablets
V07AS;Stoma-Artikel;Stomi equipment
V07AT;Kosmetika;Cosmetics
V07AV;Technische Desinfektionsmittel;Technical disinfectants
V07AX;Waschsubstanzen etc.;Washing agents etc.
V07AY;Andere nichttherapeutische Hilfsmittel;Other non-therapeutic auxiliary products
V07AZ;Chemikalien und Reagenzien zur Analyse;Chemicals and reagents for analysis
V08AA;Wasserlösliche nephrotrope hochosmolare Röntgenkontrastmittel;Watersoluble, nephrotropic, high osmolar x-ray contrast media
V08AB;Wasserlösliche nephrotrope niederosmolare Röntgenkontrastmittel;Watersoluble, nephrotropic, low osmolar x-ray contrast media
V08AC;Wasserlösliche hepatotrope Röntgenkontrastmittel;Watersoluble, hepatotropic X-ray contrast media
V08AD;Wasserunlösliche Röntgenkontrastmittel;Non-watersoluble X-ray contrast media
V08BA;Bariumsulfat-haltige Röntgenkontrastmittel;Barium sulfate containing X-ray contrast media
V08CA;Paramagnetische Kontrastmittel;Paramagnetic contrast media
V08CB;Superparamagnetische Kontrastmittel;Superparamagnetic contrast media
V08CX;Andere Kontrastmittel für die Magnetresonanztomographie;Other magnetic resonance imaging contrast media
V08DA;Ultraschall-Kontrastmittel;Ultrasound contrast media
V09AA;[99mTc]Technetiumverbindungen;Technetium (99mtc) compounds
V09AA;(99mTc)Technetium-Verbindungen;Technetium (99mtc) compounds
V09AB;[123I]Iodverbindungen;Iodine (123I) compounds
V09AB;(123I)Iod-Verbindungen;Iodine (123I) compounds
V09AX;Andere Radiodiagnostika für das zentrale Nervensystem;Other central nervous system diagnostic radiopharmaceuticals
V09BA;[99mTc]Technetiumverbindungen;Technetium (99mtc) compounds
V09BA;(99mTc)Technetium-Verbindungen;Technetium (99mtc) compounds
V09CA;[99mTc]Technetiumverbindungen;Technetium (99mtc) compounds
V09CA;(99mTc)Technetium-Verbindungen;Technetium (99mtc) compounds
V09CX;Andere Radiodiagnostika für das Nierensystem;Other renal system diagnostic radiopharmaceuticals
V09DA;[99mTc]Technetiumverbindungen;Technetium (99mtc) compounds
V09DA;(99mTc)Technetium-Verbindungen;Technetium (99mtc) compounds
V09DB;[99mTc]Technetium, Partikel und Kolloide;Technetium (99mtc), particles and colloids
V09DB;(99mTc)Technetium, Partikel und Kolloide;Technetium (99mtc), particles and colloids
V09DX;Andere Radiodiagnostika für das Leber- und Retikuloendothelialsystem;Other hepatic and reticulo endothelial system diagnostic radiopharmaceuticals
V09EA;[99mTc]Technetium, Inhalate;Technetium (99mtc), inhalants
V09EA;(99mTc)Technetium, Inhalate;Technetium (99mtc), inhalants
V09EB;[99mTc]Technetium, Partikel zur Injektion;Technetium (99mtc), particles for injection
V09EB;(99mTc)Technetium, Partikel zur Injektion;Technetium (99mtc), particles for injection
V09EX;Andere Radiodiagnostika für den Respirationstrakt;Other respiratory system diagnostic radiopharmaceuticals
V09FX;Verschiedene Radiodiagnostika für die Schilddrüse;Various thyroid diagnostic radiopharmaceuticals
V09GA;[99mTc]Technetiumverbindungen;Technetium (99mtc) compounds
V09GA;(99mTc)Technetium-Verbindungen;Technetium (99mtc) compounds
V09GB;[125I]Iodverbindungen;Iodine (125I) compounds
V09GB;(125I)Iod-Verbindungen;Iodine (125I) compounds
V09GX;Andere Radiodiagnostika für das kardiovaskuläre System;Other cardiovascular system diagnostic radiopharmaceuticals
V09HA;[99mTc]Technetiumverbindungen;Technetium (99mtc) compounds
V09HA;(99mTc)Technetium-Verbindungen;Technetium (99mtc) compounds
V09HB;[111In]Indiumverbindungen;Indium (111In) compounds
V09HB;(111In)Indium-Verbindungen;Indium (111In) compounds
V09HX;Andere Radiodiagnostika zur Erkennung von Entzündungen und Infektionen;Other diagnostic radiopharmaceuticals for inflammation and infection detection
V09IA;[99mTc]Technetiumverbindungen;Technetium (99mtc) compounds
V09IA;(99mTc)Technetium-Verbindungen;Technetium (99mtc) compounds
V09IB;[111In]Indiumverbindungen;Indium (111In) compounds
V09IB;(111In)Indium-Verbindungen;Indium (111In) compounds
V09IX;Andere Radiodiagnostika zur Tumorerkennung;Other diagnostic radiopharmaceuticals for tumour detection
V09XA;[131I]Iodverbindungen;Iodine (131I) compounds
V09XA;(131I)Iod-Verbindungen;Iodine (131I) compounds
V09XX;Verschiedene Radiodiagnostika;Various diagnostic radiopharmaceuticals
V10AA;[90Y]Yttriumverbindungen;Yttrium (90Y) compounds
V10AA;(90Y)Yttrium-Verbindungen;Yttrium (90Y) compounds
V10AX;Andere entzündungshemmende Radiotherapeutika;Other antiinflammatory therapeutic radiopharmaceuticals
V10BX;Verschiedene Radiopharmaka zur Schmerzlinderung;Various pain palliation radiopharmaceuticals
V10XA;[131I]Iodverbindungen;Iodine (131I) compounds
V10XA;(131I)Iod-Verbindungen;Iodine (131I) compounds
V10XX;Verschiedene Radiotherapeutika;Various therapeutic radiopharmaceuticals
